[
    { "id": 1, "type": "message", "content": "Heyyy", "delay": 1600, "alignment": "left", "next": 2 },
    { "id": 2, "type": "message", "content": "So", "delay": 1200, "alignment": "left", "next": 3 },
    {
        "id": 3,
        "type": "choice",
        "content": {
            "text": "I guess you got your phone fixed then?",
            "delay": 1000,
            "alignment": "left"
        },
        "choices": [
            { "option": { "text": "Sort of", "delay": 1500, "alignment": "right" }, "next": 4 }
        ],
        "next": null
    },
    {
        "id": 4,
        "type": "choice",
        "content": {
            "text": "Sort of?",
            "delay": 1000,
            "alignment": "left"
        },
        "choices": [
            { "option": { "text": "Yeahhhhh", "delay": 0, "alignment": "right" }, "next": 5 }
        ],
        "next": null
    },
    {
        "id": 5,
        "type": "choice",
        "choices": [
            { "option": { "text": "Sooooo", "delay": 0, "alignment": "right" }, "next": 6 }
        ],
        "next": null
    },
    {
        "id": 6,
        "type": "choice",
        "choices": [
            { "option": { "text": "Who is this anyway?", "delay": 1500, "alignment": "right" }, "next": 7 }
        ],
        "next": null
    },
    { "id": 7, "type": "message", "content": "?", "delay": 1800, "alignment": "left", "next": 8 },
    { "id": 8, "type": "message", "content": "Wait...", "delay": 1400, "alignment": "left", "next": 9 },
    { "id": 9, "type": "message", "content": "Please don't tell me", "delay": 600, "alignment": "left", "next": 10 },
    {
        "id": 10,
        "type": "choice",
        "content": {
            "text": "You lost all your contacts",
            "delay": 1000,
            "alignment": "left"
        },
        "choices": [
            { "option": { "text": "🙂", "delay": 1500, "alignment": "right" }, "next": 11 }
        ],
        "next": null
    },
    {
        "id": 11,
        "type": "choice",
        "content": {
            "text": "Did you at least back them up?",
            "delay": 1000,
            "alignment": "left"
        },
        "choices": [
            { "option": { "text": "🙃", "delay": 1500, "alignment": "right" }, "next": 12 }
        ],
        "next": null
    },
    { "id": 12, "type": "message", "content": "😓", "delay": 1600, "alignment": "left", "next": 13 },
    { "id": 13, "type": "message", "content": "You're hopeless", "delay": 1600, "alignment": "left", "next": 14 },
    { "id": 14, "type": "message", "content": "Hold on a sec", "delay": 1600, "alignment": "left", "next": 15 },
    { "id": 15, "type": "message", "content": "[New contact: Serenay Soylu]", "delay": 1600, "alignment": "left", "next": 16, "flag": "updateSereNameToSerenay" },
    { "id": 16, "type": "message", "content": "Did you get that?", "delay": 1600, "alignment": "left", "next": 17 },
    {
        "id": 17,
        "type": "choice",
        "content": {
            "text": "I sent my contact info",
            "delay": 1000,
            "alignment": "left"
        },
        "choices": [
            { "option": { "text": "Yeah, I got it", "delay": 1500, "alignment": "right" }, "next": 18 }
        ],
        "next": null
    },
    { "id": 18, "type": "message", "content": "Alright", "delay": 1600, "alignment": "left", "next": 19 },
    { "id": 19, "type": "message", "content": "Well", "delay": 1600, "alignment": "left", "next": 20 },
    { "id": 20, "type": "message", "content": "If you're going to have one contact on your phone", "delay": 1600, "alignment": "left", "next": 21 },
    { "id": 21, "type": "message", "content": "It might as well be mine", "delay": 1600, "alignment": "left", "next": null }
]